ID,naziv,tip,opstina,ha,ar,m2,ekoloska_mreza
1,Bara Trskovača,Protected habitat,Ruma,168,15,44,Turistička organizacija opštine Ruma
2,Leget,Natural Monument,Sremska Mitrovica,1,19,0,
3,Deo područja sela Tršića i manastira Tronoše,Natural Monument,Loznica,0,0,0,
4,Park Oplenac,Natural Monument,Topola,83,0,0,
5,Visoki Dečani,Natural Monument,Dečani,15,18,0,
6,Orašac,Natural Monument,Aranđelovac,39,36,71,
7,Tatkova zemunica,Natural Monument,Merošina,369,99,0,
8,Takovski grm,Natural Monument,Gornji Milanovac,10,29,60,
9,Ljubić,Natural Monument,Čačak,2,12,80,
10,Kadinjača,Natural Monument,"Užice, Bajina Bašta",52,77,61,
11,Mačkov kamen,Natural Monument,Ljubovija,11,83,21,
12,Mijajlova jama,Natural Monument,Despotovac,7,74,80,
13,Draginac,Natural Monument,Loznica,2,88,2,
14,Tekeriš,Natural Monument,Loznica,0,36,97,
15,Bubanja,Natural Monument,Bogatić,0,84,46,
16,Vrapče brdo,Natural Monument,Lajkovac,13,56,69,
17,Prnjavor,Natural Monument,Šabac,0,30,53,
18,Gradište,Natural Monument,Rača,39,82,20,
19,Klisura Prizrenske Bistrice,Natural Monument,Prizren,200,0,0,
20,Memorijalni park ''Crni vrh'' kod Peći,Natural Monument,Peć,112,56,0,
21,Memorijalni kompleks ''Zenelj Hajdini'' u selu Ramljane,Natural Monument,Vitina,0,0,0,
22,Memorijalni prirodni spomenik ''Čabrat'',Natural Monument,Đakovica,64,0,0,
23,Spomen šuma u Kuštilju,Natural Monument,Vršac,2,42,0,
24,Staro stablo bresta (Ulmus campestris L.),Natural Monument,Sečanj,0,0,0,
25,Lojanik,Natural Monument,Kraljevo,5,0,0,
26,Prilepske planine,Natural Monument,Dečani,0,92,0,
27,Humka na potezu Livade,Natural Monument,Žabalj,0,17,82,
28,Okolina manastira Naupare,Landscape of Outstanding Qualities,Kruševac,113,19,77,
29,Staro selo u Sirogojnu,Landscape of Outstanding Qualities,Čajetina,25,24,0,
30,Prirodni prostor oko manastira Manasija,Landscape of Outstanding Qualities,Despotovac,243,68,13,
31,Prirodni prostor oko crkve sv. Bogorodice u Kuršumliji,Landscape of Outstanding Qualities,Kuršumlija,14,8,78,
32,Prirodni prostor oko crkve sv. Nikole u Kuršumliji,Landscape of Outstanding Qualities,Kuršumlija,13,44,89,
33,Prirodni proctor manastira Koporin,Landscape of Outstanding Qualities,Velika Plana,47,21,20,
34,Prirodni prostor oko manastira Mileševa,Landscape of Outstanding Qualities,Prijepolje,289,69,0,
35,Prirodni prostor oko arheološkog nalazišta Gamzigrad-Romulijana,Landscape of Outstanding Qualities,Zaječar,175,91,83,
36,Prirodni prostor manastira Bogovađa,Landscape of Outstanding Qualities,Lajkovac,18,0,83,
37,Prirodni prostor kompleksa Jašunjskih manastira Sv. Jovana i Sv. Bogorodice,Landscape of Outstanding Qualities,Leskovac,188,27,35,
38,Prirodni prostor crkve brvnare - Miličinica,Landscape of Outstanding Qualities,Valjevo,25,73,81,
39,Ivankovac,Landscape of Outstanding Qualities,Ćuprija,74,9,30,
40,Prirodni proctor manastira Ljubostinja,Landscape of Outstanding Qualities,Trstenik,113,13,54,
41,Radovanjski lug,Landscape of Outstanding Qualities,Velika Plana,62,64,34,
42,Kompleks manastira Radovašnica,Landscape of Outstanding Qualities,Šabac,53,92,51,
43,Granica neposredne okoline Sobrašica u Lužnicama,Landscape of Outstanding Qualities,Kragujevac,0,83,85,
44,Fruška gora,National Park,"Beočin, Novi Sad, Sremski Karlovci, Bačka Palanka, Šid, Sremska Mitrovica, Inđija, Irig",25393,0,0,JP NP Fruška gora
45,Đerdap,National Park,"Golubac, Majdanpek, Kladovo",63608,45,0,"JP NP Đerdap, Donji Milanovac"
46,Tara,National Park,Bajina Bašta,19175,0,0,"JP NP Tara, Bajina Bašta"
47,Kopaonik,National Park,"Raška, Brus",11809,91,0,JP NP Kopaonik
48,Šar planina,National Park,"Kačanik, Štrpce, Prizren, Suva Reka",39000,0,0,JP NP Šar planina Štrpce
49,Vinatovača,Nature Reserve,Despotovac,37,43,0,"JP Srbijašume, Novi Beograd"
50,Bukovo,Nature Reserve,Negotin,10,42,0,"JP Srbijašume, Novi Beograd"
51,Danilova kosa,Nature Reserve,Krupanj,6,73,0,"JP Srbijašume, Novi Beograd"
52,Prokop,Nature Reserve,Kruševac,5,91,0,"JP Srbijašume, Novi Beograd"
53,Klisura reke Gradac,Landscape of Outstanding Qualities,Valjevo,1268,6,88,"Ekološko društvo Gradac, Valjevo"
54,Dolina Pčinje,Landscape of Outstanding Qualities,Bujanovac,2606,0,0,"SPC – Pravoslavna eparhija Vranjska, Vranje"
55,Ovčarsko-Kablarska klisura,Landscape of Outstanding Qualities,"Čačak, Lučani",2250,0,0,Turistička organizacija Čačak
56,Miruša,Landscape of Outstanding Qualities,"Orahovac, Klina",330,47,60,"JP Srbijašume, Novi Beograd"
57,Lepterija-Sokograd,Landscape of Outstanding Qualities,Sokobanja,405,71,3,"JP Srbijašume, Novi Beograd"
58,Subotička peščara,Landscape of Outstanding Qualities,Subotica,5369,90,0,"JP ""Palić-Ludaš"", Palić"
59,Veliko ratno ostrvo,Landscape of Outstanding Qualities,Beograd-Zemun,167,90,56,"JKP Zelenilo Beograd - Sektor održavanja zelenih površina, Beograd"
60,Kosmaj,Landscape of Outstanding Qualities,"Beograd-Mladenovac, Beograd-Sopot",3514,50,0,"JP Srbijašume, Novi Beograd"
61,Vlasina,Landscape of Outstanding Qualities,"Surdulica, Crna Trava",12740,90,0,Javno preduzeće Direkcija za građevinsko zemljištei puteve opštine Surdulica
62,Vršačke planine,Landscape of Outstanding Qualities,Vršac,4408,0,0,"Javno preduzeće za izgradnju, razvoj i uređenje grada i područja Opštine Vršac ''Varoš'' iz Vršca"
63,Avala,Landscape of Outstanding Qualities,Beograd-Voždovac,489,13,0,"JP Srbijašume, Novi Beograd"
64,Park šume Ivlje,Landscape of Outstanding Qualities,Nova Varoš,65,0,0,
65,Prugovo,Landscape of Outstanding Qualities,Požarevac,2,50,25,
66,Rajac,Landscape of Outstanding Qualities,"Ljig, Gornji Milanovac",1200,0,0,
67,Ozrenske livade,Landscape of Outstanding Qualities,Sokobanja,838,13,70,
68,"Deo područja u slivu reka Resave, Suvaje, Čemernice, Jalovog potoka i Beljaničke reke",Landscape of Outstanding Qualities,Despotovac,10000,0,0,
69,Golija,Nature Park,"Ivanjica, Kraljevo, Raška, Novi Pazar, Sjenica",75183,0,0,"JP Srbijašume, Novi Beograd"
70,Ponjavica,Nature Park,Pančevo,133,63,94,"Društveno vodoprivredno preduzeće ''Tamiš - Dunav'', Pančevo"
71,Begečka jama,Nature Park,Novi Sad,379,39,88,DTD Ribarstvo d.o.o.
72,Grmija,Nature Park,Priština,1167,94,28,"JKP Komunalac,Priština"
73,Palić,Nature Park,Subotica,712,90,37,"JP ""Palić-Ludaš"", Palić"
74,Tikvara,Nature Park,Bačka Palanka,508,13,57,JP Sportsko rekreativni centar Tikvara
75,Sićevačka klisura,Nature Park,"Niš, Bela Palanka",7746,0,0,"JP Srbijašume, Novi Beograd"
76,Kamaraš,Nature Park,Kanjiža,267,96,0,Udruženje građana za zašt.živ.sred. i poznavanje zavičaja IRINGO
77,Šargan-Mokra Gora,Nature Park,"Užice, Čajetina, Bajina Bašta",1081 3,73,0,"DOO Park prirode Mokra Gora, Užice"
78,Jegrička,Nature Park,"Bačka Palanka, Vrbas, Temerin, Žabalj",1144,81,0,"Javno vodoprivredno preduzeće ''Vode Vojvodine'', Novi Sad"
79,Stara Tisa kod Bisernog ostrva,Nature Park,"Novi Bečej, Žabalj, Bečej",391,73,4,"Javno preduzeće za komunalne usluge "" Komunalac"", Bečej"
80,Stara planina,Nature Park,"Zaječar, Knjaževac, Pirot, Dimitrovgrad",1143 32,0,0,"JP Srbijašume, Novi Beograd"
81,Rogovi od srndaća (Capreolus capreolus) ostreljenog u šumi Rogot kod Lapova,Natural rarity,Beograd-Vračar,0,0,0,
82,Stablo hrasta lužnjaka (Quercus robur L.) Kolare,Natural Monument,Jagodina,0,0,0,
83,Grupa od osam stabala cera (Quercus cerris L.) - Palibrčki cerovi,Natural Monument,Ivanjica,0,0,0,
84,Vodopad Bigrenog potoka,Natural Monument,Knjaževac,1,67,1,
85,Ponor zvani ''Propast'',Natural Monument,Svrljig,0,0,0,
86,Radoševa pećina,Natural Monument,Despotovac,0,0,0,
87,'Velika Atula'' ili ''Vitanova kristalna pećina'',Natural Monument,Despotovac,0,0,0,
88,Velika pećina - Gaura Mare,Natural Monument,Kučevo,0,0,0,
89,Petnička pećina,Natural Monument,Valjevo,0,0,0,
90,Ravanička pećina,Natural Monument,Ćuprija,0,0,0,
91,Park-arboretum ''Aleksa Šantić'',Natural Monument,Sombor,0,0,0,
92,"Trepča - Nalazište retkih primeraka minerala i kristala, kao i drugih predmeta koji imaju karakter prirodne retkosti, u rudničkom basenu ''Trepča''",Natural Monument,Kosovska Mitrovica,0,0,0,
93,Pećina Samar sa prerastom Samar,Natural Monument,Svrljig,0,0,0,
94,Kanjon reke Vratne sa dve prerasti - prirodna mosta u narodu zvane ''Kapije'' ili ''Vrata'',Natural Monument,Negotin,0,0,0,
95,Kanjon reke Zamne sa prerastom - prirodnim mostom na ovoj reci pod nazivom ''Prerast'',Natural Monument,Negotin,0,0,0,
96,Rogovi od evropskog jelena (Cervus elaphus) nagrađeni prvom nagradom na međunarodnoj izložbi u Dizeldorfu 1954. godine,Natural Monument,Sombor,0,0,0,
97,Stablo crnog bora (Pinus nigra) u selu Hisardžiku,Natural Monument,Prijepolje,0,0,0,
98,Stablo gorskog javora (Acer pseudoplatanus) na planini Goču,Natural Monument,Kraljevo,0,0,0,
99,Prerast - prirodni most na rečnom koritu Valje Prerast kod Majdanpeka (Šuplja stena),Natural Monument,Majdanpek,0,0,0,
100,Stablo platana (Platanus orientalis) Maraš,Natural Monument,Prizren,0,0,0,
101,Grupa od 16 hrastova lužnjaka (Quercus robur) - kod Kamene Ćuprije,Natural Monument,Požarevac,0,0,0,
102,Stablo nizinskog bresta (Ulmus campestris),Natural Monument,Zrenjanin,0,0,0,
103,Tri stabla crnog bora (Pinus nigra) Dobroselica,Natural Monument,Čajetina,0,0,0,
104,"Stablo crne topole (Populus nigra) kod sela Čelareva, pored auto puta ka Bačkoj Palanci",Natural Monument,Bačka Palanka,0,0,0,
105,Stablo bresta (Ulmus campestris) poznato pod imenom ''Ajkin brest'',Natural Monument,Niš,0,0,0,
106,Stablo crnog bora (Pinus nigra) u Petkovskoj mahali sela Crnoštice,Natural Monument,Bosilegrad,0,0,0,
107,Stablo crne topole (Populus nigra) u Uljmi,Natural Monument,Pančevo,0,0,0,
108,Stablo hrasta lužnjaka (Quercus robur) u selu Lješnici,Natural Monument,Kučevo,0,0,0,
109,Dva stabla bele topole (Populus alba) u šumi Jasenska,Natural Monument,Pećinci,0,0,0,
110,Stablo pitomog kestena (Castanea sativa Mill.) u ataru sela Vokše,Natural Monument,Dečani,0,0,0,
111,Stablo bresta (Ulmus campestris) u ataru sela Zahać,Natural Monument,Peć,1,65,66,
112,Pet stabala hrasta sitne granice (Quercus pubescens) Golaš,Natural Monument,Pirot,0,0,0,
113,Stablo hrasta lužnjaka (Quercus robur) u selu Slavniku,Natural Monument,Bojnik,0,0,0,
114,Stablo lipe (Tilia argentea) - Tebreja,Natural Monument,Dečani,0,0,0,
115,Grupa stabala lipe (Tilia argentea) u selu Istinić,Natural Monument,Dečani,0,0,0,
116,Stablo oskoruše (Sorbus domestica) u selu Prislonici,Natural Monument,Čačak,0,0,0,
117,Stablo hrasta lužnjaka (Quercus robur) poznato pod imenom ''Porodinski zapis'',Natural Monument,Žabari,0,0,0,
118,Miocenski sprud na Tašmajdanu,Natural Monument,Beograd-Palilula,0,0,0,
119,Senonski sprud kredne periode Mašin majdan,Natural Monument,Beograd-Savski Venac,0,0,0,
120,Morski neogeni sprud - profil na Kalemegdanu,Natural Monument,Beograd-Stari Grad,0,5,0,
121,Petrlaška pećina,Natural Monument,Dimitrovgrad,0,0,0,
122,Stablo hrasta lužnjaka (Quercus robur) u selu Lipovcu kod Kruševca (zapis),Natural Monument,Kruševac,0,0,0,
123,Stablo hrasta lužnjaka (Quercus robur L.) u selu Lipe,Natural Monument,Smederevo,0,0,0,
124,Sva orahova stabla (Juglans regia),Natural Monument,Valjevo,0,0,0,
125,"Grupa stabala hrasta lužnjaka (Quercus robur L.), poljskog jasena (Fraxinus excelsior), poljskog bresta (Ulmus campestris) i sitnolisne lipe (Tilia parvifolia) - Ljubičevo",Natural Monument,Požarevac,0,0,0,
126,Hadži - Prodanova pećina,Natural Monument,Ivanjica,0,0,0,
127,Pećina Bukovik,Natural Monument,Nova Varoš,0,0,0,
128,Kovačevića pećina,Natural Monument,Krupanj,0,0,0,
129,Stablo hrasta lužnjaka (Quercus robur L.) - Mionica,Natural Monument,Mionica,0,0,0,
130,Grupa od pet stabala hrasta lužnjaka (Quercus robur L.) - Draganovac,Natural Monument,Požega,0,0,0,
131,Bušan kamen,Natural Monument,Despotovac,0,0,0,
132,Stablo hrasta lužnjaka (Quercus robur L.) u selu Sovljak,Natural Monument,Bogatić,0,0,0,
133,Prerast Samar,Natural Monument,Žagubica,40,20,13,
134,Kraški izvor - potajnica (Promuklica),Natural Monument,Tutin,0,0,0,
135,Grupa stabala na Andrićevom trgu i Kalemegdanu,Natural Monument,Beograd-Stari Grad,0,0,0,
136,Pećina ''Mala Bezdan'',Natural Monument,Gornji Milanovac,0,0,0,
137,Grupa stabala hrasta lužnjaka (Quercus robur L.) i cera (Quercus cerris) u porti crkve Sv. Preobraženje - Jablanica,Natural Monument,Kruševac,0,0,0,
138,Stablo hrasta kitnjaka (Quercus petraea)u selu Divljane,Natural Monument,Bela Palanka,0,0,0,
139,Stablo hrasta lužnjaka (Quercus robur L.) u k.o. Sopot - Donje selo,Natural Monument,Pirot,0,0,0,
140,Stabla u Zemunskom parku,Natural Monument,Beograd-Zemun,0,0,0,
141,Evropska bukva,Natural Monument,Beograd-Stari Grad,0,0,0,
142,Sastojina starih slavonskih hrastova - Smogva,Natural Monument,Šid,4,30,0,
143,Stablo munike (Pinus heldreichii Crist.) u selu Gornje Nerodimlje,Natural Monument,Uroševac,0,0,0,
144,Staro stablo šimšira u Plavni,Natural Monument,Bač,0,0,9,
145,Izvorište Belog Drima sa pećinom i vodopadom ''Radavac'',Natural Monument,Peć,89,94,0,
146,Poljski brest (Ulmus campestris L.) u selu Lukinaj,Natural Monument,Prizren,0,0,0,
147,"Četiri stabla srebrne smrče (Picca pungens) 1,2,3,4",Natural Monument,Bačka Topola,0,0,0,
148,Pitomi orah u voćnjaku kod Bečeja,Natural Monument,Bečej,0,0,0,
149,Drvored hrastova kod Bačkog Petrovog Sela,Natural Monument,Bečej,0,0,0,
150,Lesni profil kod Starog Slankamena,Natural Monument,Inđija,0,0,0,
151,Oskoruša ( Sorbus domestica),Natural Monument,Irig,0,0,0,
152,Kanjon Belog Drima kod Šfanjskog mosta,Natural Monument,"Đakovica, Orahovac",198,82,56,
153,Deo klisure reke Klina,Natural Monument,Klina,204,94,49,
154,Četiri hrastova stabla na dva korena u Lozicama,Natural Monument,Klina,0,0,0,
155,Hrast lužnjak,Natural Monument,Novi Kneževac,0,0,0,
156,Izvor mineralne vode ''Banja'' u selu Drsnik,Natural Monument,Klina,0,6,75,
157,Mešoviti drvored platana u Odžacima,Natural Monument,Odžaci,0,12,75,
158,Stablo crne topole (Populus nigra L.),Natural Monument,Pećinci,0,0,0,
159,Cerovo stablo u Zlokućanima,Natural Monument,Klina,0,0,0,
160,Cerovo stablo u Donjem Petriču,Natural Monument,Klina,0,0,0,
161,Brestovo stablo u Čabiću,Natural Monument,Klina,0,0,0,
162,Trideset cerovih stabala u selu Berkovo,Natural Monument,Klina,0,0,0,
163,Herbar Andreje Volnija,Natural Monument,Sremski Karlovci,0,0,0,
164,Pećina u selu Gladno selo,Natural Monument,Glogovac,0,50,17,
165,Pećina u selu Banjica,Natural Monument,Glogovac,0,11,55,
166,Drvored platana u Sremskoj Mitrovici,Natural Monument,Sremska Mitrovica,0,0,0,
167,Termomineralni izvor u selu Vuča,Natural Monument,Leposavić,16,60,13,
168,Kompleks cerovih stabala (Quercus cerris L.) u selu Dublje,Natural Monument,Leposavić,1,0,85,
169,Rugovska klisura,Natural Monument,Peć,4301,0,0,
170,Botanički lokalitet stepske vegetacije Čarnok,Natural Monument,Vrbas,3,21,83,
171,Bela topola u Savinom selu,Natural Monument,Vrbas,0,0,0,
172,Bernačkov herbar,Natural Monument,Vršac,0,0,0,
173,Izvor mineralne vode u Kiseloj Banji,Natural Monument,Podujevo,0,31,47,
174,Izvor mineralne vode u selu Šakovica,Natural Monument,Podujevo,1,40,50,
175,Izvor vode u selu Revuće,Natural Monument,Podujevo,116,94,0,
176,Stablo cera (Quercus cerris L.) u selu Donja Dubnica - Knežević Mahala,Natural Monument,Podujevo,0,0,0,
177,"Stablo cera (Quercus cerris L.) u selu Dobratin, na mestu zvanom Bumelit",Natural Monument,Podujevo,0,0,75,
178,"Stablo cera (Quercus cerris L.) u selu Palatna, na mestu zvanom Murgulska reka",Natural Monument,Podujevo,0,44,20,
179,"Stabla topole u selu Orlane, na mestu zvanom Ljugu i Mahmutit",Natural Monument,Podujevo,0,26,55,
180,Park u Horgošu,Natural Monument,Kanjiža,2,80,40,
181,Park ''Dvorska bašta'',Natural Monument,Sremski Karlovci,0,0,0,
182,Grupa od 8 stabala koprivića,Natural Monument,Nova Crnja,0,6,94,
183,Sastojina pitomog oraha (Juglans regia),Natural Monument,Nova Crnja,0,41,0,
184,Hrast lužnjak u Novoj Crnji,Natural Monument,Nova Crnja,0,20,17,
185,Staro stablo sofore,Natural Monument,Nova Crnja,0,29,96,
186,Staro stablo bele topole,Natural Monument,Pećinci,0,5,0,
187,Bela vrba (Salix alba),Natural Monument,Sremski Karlovci,0,0,0,
188,Fosilni ostatak lobanje sa rogovima džinovskog jelena (Megaceros),Natural Monument,Sremska Mitrovica,0,0,0,
189,Krupnolisna lipa u starom parku u Velikom Središtu,Natural Monument,Vršac,0,0,0,
190,Drvored dudova br. 1 (Vršac-Straža),Natural Monument,Vršac,0,0,0,
191,Drvored dudova br. 2 (Zagajica-Izbište),Natural Monument,Vršac,0,0,0,
192,Drvored dudova br. 3 (Izbište-Uljma),Natural Monument,Vršac,0,0,0,
193,Kamenički vis I,PŠ,Niš,19,65,0,
194,Park šuma ''Bratstvo Jedinstvo'' kod mesta zvanog Rahavane,PŠ,Suva Reka,20,25,83,
195,Klisura reke Mileševke,Regional Nature Park,Prijepolje,456,6,45,
196,Kompleks PTK ''Panonija'',Regional Nature Park,Bačka Topola,0,0,0,
197,PD Zobnatica,Regional Nature Park,Bačka Topola,30,0,0,
198,Park instituta u Sremskoj Kamenici,Regional Nature Park,Novi Sad,26,0,0,
199,Park u Bačkoj Topoli,Spomenik vrtne arhitekture,Bačka Topola,6,0,0,
200,Park na PD Krivaja,Spomenik vrtne arhitekture,Bačka Topola,14,98,41,
201,Park manastira Beočin,Spomenik vrtne arhitekture,Beočin,0,93,82,
202,Park na imanju Sokolac kod Novog Bečeja,Spomenik vrtne arhitekture,Novi Bečej,4,59,62,
203,Vršački park,Spomenik vrtne arhitekture,Vršac,6,44,68,
204,Park u Novom Kneževcu,Spomenik vrtne arhitekture,Novi Kneževac,7,29,0,
205,Strogo zaštićene i zaštićene divlje vrste biljaka. životinja i gljiva,"Protected species of plants, animals and fungi",,0,0,0,
206,Banjička šuma,Natural Monument,Beograd-Voždovac,58,65,86,"JKP Zelenilo Beograd - Sektor održavanja zelenih površina, Beograd"
207,Hrast sladun,Natural Monument,Velika Plana,0,2,83,JKP Miloš Mitrović
208,Stablo hrasta lužnjaka Radojkovića rast,Natural Monument,Velika Plana,0,7,60,JPK Miloš Mitrović
209,Stablo hrasta cera u Donjoj Crnući,Natural Monument,Gornji Milanovac,0,4,0,Muzej rudničko- takovskog kraja
210,Stablo hrasta lužnjaka Stražev,Natural Monument,Gornji Milanovac,0,5,31,Muzej rudničko- takovskog kraja
211,Stablo hrasta sladuna u Bratincu,Natural Monument,Požarevac,0,5,0,"Pokret gorana Srbije, Požarevac"
212,Američki platan kod Sonte,Natural Monument,Apatin,0,4,52,PPP AGROSONTA PJ MLADI BORAC
213,Ginko u Apatinu,Natural Monument,Apatin,0,3,80,Apatinska pivara
214,Divlja kruška kod Svilojeva,Natural Monument,Apatin,0,0,50,PP Jedinstvo
215,Koprivić u centru Novog Sada,Natural Monument,Novi Sad,0,3,80,"JKP Gradsko Zelenilo, Novi Sad"
216,Javorolisni platan u Novom Sadu,Natural Monument,Novi Sad,0,8,31,"JKP Gradsko Zelenilo, Novi Sad"
217,Američki platan na Sajlovu,Natural Monument,Novi Sad,0,9,4,"JKP Gradsko Zelenilo, Novi Sad"
218,Američki platan u Futogu,Natural Monument,Novi Sad,0,7,7,"JKP Gradsko Zelenilo, Novi Sad"
219,Dud na Čenejskom salašu,Natural Monument,Novi Sad,0,2,27,"JKP Gradsko Zelenilo, Novi Sad"
220,Šam-dud,Natural Monument,Peć,0,3,0,Manastir Pećka Patrijaršija
221,Vrelo Mlave,Natural Monument,Žagubica,6,0,0,"JKP Belosavac, Žagubica"
222,Risovača,Natural Monument,Aranđelovac,13,0,0,Muzej u Aranđelovcu
223,Homoljska potajnica,Natural Monument,Žagubica,4,36,0,"JKP Belosavac, Žagubica"
224,Krupajsko vrelo,Natural Monument,Žagubica,9,0,0,"JKP Belosavac, Žagubica"
225,Vodopad Lisine,Natural Monument,Despotovac,10,0,0,"JP Resavska pećina, Despotovac"
226,Resavska pećina,Natural Monument,Despotovac,10,87,0,"JP Resavska pećina, Despotovac"
227,Đavolja Varoš,Natural Monument,Kuršumlija,67,0,0,"Preduzeće za prirodna lečilišta, turizam, ugostiteljstvo i proizvodnju ""Planinka"""
228,Bor Cara Dušana,Natural Monument,Uroševac,0,1,77,Spska pravoslavna crkva u selu Gornje Nerodimlje
229,Stablo hrasta lužnjaka Dolovo,Natural Monument,Smederevo,0,4,15,Poljoprivredni Kombinat Godomin
230,Karađorđev dud,Natural Monument,Smederevo,0,0,0,JKP Komunalac
231,Hrast lužnjak - Smederevo,Natural Monument,Smederevo,0,3,10,Sartid 1913
232,Botanička bašta Jevremovac,Natural Monument,Beograd-Stari Grad,4,81,83,Biološki fakultet Univerziteta u Beogradu - Institut za botaniku
233,Stablo hrasta cera - Počeča,Natural Monument,Požega,0,4,52,"JP Srbijašume, Novi Beograd"
234,Stablo hrasta lužnjaka Ljutice,Natural Monument,Požega,0,5,10,"JP Srbijašume, Novi Beograd"
235,Stablo hrasta lužnjaka - Bele vode,Natural Monument,Požega,0,5,31,"JP Srbijašume, Novi Beograd"
236,Grupa stabala Pet hrastova,Natural Monument,Vrnjačka Banja,0,10,75,JP za gazdovanje zaštitnim šumama i obavljanje i razvoj komunalne delatnosti Beli Izvor
237,Crni dud u Sremskim Karlovcima,Natural Monument,Sremski Karlovci,0,0,38,Mesna zajednica Sremski Karlovci
238,Šimšir u Sremskim Karlovcima,Natural Monument,Sremski Karlovci,0,2,40,Mecing Cvetko
239,Divlji kesten u Sremskim Karlovcima,Natural Monument,Sremski Karlovci,0,3,46,"Živanović Borivoje,Sremski Karlovci"
240,Dva stabla tise u dvorištu Karlovačke gimnazije,Natural Monument,Sremski Karlovci,0,2,60,Gimnazija Branko Radičević
241,Tisa u parku Patrijaršijskog dvora,Natural Monument,Sremski Karlovci,0,2,27,Srpska Patrijaršija
242,Bela topola kraj Stražilovskog potoka,Natural Monument,Sremski Karlovci,0,7,7,VPD Šajkača
243,Platan u Sremskim Karlovcima,Natural Monument,Sremski Karlovci,0,16,23,Srpska pravoslavna crkvena opština
244,Stablo kedra,Natural Monument,Beograd-Savski Venac,0,0,95,"JKP Zelenilo Beograd - Sektor održavanja zelenih površina, Beograd"
245,Lalino drvo,Natural Monument,Beograd-Savski Venac,0,4,90,"JKP Zelenilo Beograd - Sektor održavanja zelenih površina, Beograd"
246,Stablo magnolije,Natural Monument,Beograd-Savski Venac,0,1,77,"JKP Zelenilo Beograd - Sektor održavanja zelenih površina, Beograd"
247,Stablo ginka,Natural Monument,Beograd-Savski Venac,0,3,80,"JKP Zelenilo Beograd - Sektor održavanja zelenih površina, Beograd"
248,"Stablo himalajskog borovca,ul. Temišvarska 23",Natural Monument,Beograd-Savski Venac,0,0,82,"JKP Zelenilo Beograd - Sektor održavanja zelenih površina, Beograd"
249,Potpećka pećina,Natural Monument,Užice,19,60,0,Turistička organizacija Opštine Užice
250,Stablo jasike,Natural Monument,Podujevo,0,4,90,"Rusten Šaban, Bajčina"
251,Lazarev kanjon,Natural Monument,"Bor, Boljevac",1755,0,0,"JP Srbijašume, Novi Beograd"
252,Stablo hrasta kitnjaka - Debela granica,Natural Monument,Užice,0,1,13,"JP Srbijašume, Novi Beograd"
253,Dva stabla hrasta lužnjaka u okolini manastira Žiča,Natural Monument,Kraljevo,0,34,15,Manastir Žiča
254,Crni bor u klisuri reke Ibar,Natural Monument,Kraljevo,0,1,0,"JP Srbijašume, Novi Beograd"
255,Grupa stabala - Lozovik,Natural Monument,Velika Plana,0,0,0,Srpska pravoslavna crkva na opštini Lozovik
256,Stablo hrasta lužnjaka - Ratina,Natural Monument,Kraljevo,0,0,28,"Čurlić Dragoš,selo Ratina"
257,Krupačko vrelo,Natural Monument,Bela Palanka,5,70,44,"JKP za vodovod i kanalizaciju Naisus,Sektor za proizvodnju i distribuciju vode, Niš"
258,Ribnica,Natural Monument,Mionica,28,0,0,Ekološko istraživačko društvo Mionica
259,Cerjanska pećina,Natural Monument,Niš,63,96,89,JP Direkcija za izgradnju grada Niša
260,Rćanske pećine,Natural Monument,Lučani,111,65,0,"Centar za kulturu, sport i turizam opštine Lučani ""Dragačevo"""
261,Dva stabla hrasta lužnjaka Đurđevak,Natural Monument,Lučani,0,10,45,Ekološko društvo Dragačevo iz Guče
262,Stablo hrasta lužnjaka (Quercus robur L.) u mestu Bela Voda,Natural Monument,Kruševac,0,0,0,Turističko društvo Kiseljak i Mesna zajednica Bele Vode
263,Stablo hrasta lužnjaka Vraneši,Natural Monument,Vrnjačka Banja,0,9,62,JP za gazdovanje zaštitnim šumama i obavljanje i razvoj komunalne delatnosti Beli izvor
264,Mermerna pećina,Natural Monument,Lipljan,38,64,95,JP Mermerna pećina
265,Radanova gora,Natural Monument,Lučani,1,27,34,"Ivanović Ranislav, Guča"
266,Klokočevac,Natural Monument,Kosjerić,0,64,0,"JP Srbijašume, Novi Beograd"
267,Dunavski park,Natural Monument,Novi Sad,12,26,59,JKP Gradsko Zelenilo Novi Sad
268,Stablo lipe- Mira,Natural Monument,Bogatić,0,4,81,"Milovan Jakšić,Badovinci"
269,Grupa stabala hrasta lužnjaka Kod Jozića kolibe,Natural Monument,Beograd-Obrenovac,0,16,25,Javno preduzeće za zaštitu i unapređenje životne sredine opštine Obrenovac
270,Dve magnolije u Botićevoj,Natural Monument,Beograd-Savski Venac,0,0,60,"JKP Zelenilo Beograd - Sektor održavanja zelenih površina, Beograd"
271,Tisa u Botićevoj,Natural Monument,Beograd-Savski Venac,0,0,50,"JKP Zelenilo Beograd - Sektor održavanja zelenih površina, Beograd"
272,Dva stabla himalajskog borovca,Natural Monument,Beograd-Savski Venac,0,2,2,"JKP Zelenilo Beograd - Sektor održavanja zelenih površina, Beograd"
273,Hrast na Cvetnom trgu,Natural Monument,Beograd-Vračar,0,2,83,"JKP Zelenilo Beograd - Sektor održavanja zelenih površina, Beograd"
274,Platan kod Miloševog konaka,Natural Monument,Beograd-Savski Venac,0,18,85,"JKP Zelenilo Beograd - Sektor održavanja zelenih površina, Beograd"
275,Bela topola u Molu,Natural Monument,Ada,0,3,14,JKP ''Standard'' Ada
276,Četiri stabla platana,Natural Monument,Bačka Palanka,0,7,0,Opština Bačka Palanka
277,Hrast lužnjak u Staroj Moravici,Natural Monument,Bačka Topola,0,7,65,"Reformatorska crkvena opština, Stara Moravica"
278,Grupa stabala Dobri potok,Natural Monument,Krupanj,0,97,29,SPC Dobri potok
279,Stablo lipe Bela crkva,Natural Monument,Krupanj,0,3,14,Biblioteka POLITIKA
280,Hrast lužnjak u dvorištu crpne stanice kod Kumana,Natural Monument,Novi Bečej,0,13,85,"Javno vodoprivredno preduzeće ''Vode Vojvodine'', Novi Sad"
281,Tri stabla belog jasena kod Dolova,Natural Monument,Pančevo,0,10,43,Društveni fond građevinskog zemljišta i puteva opštine Pančevo
282,Bela topola kod Stare Pazove,Natural Monument,Stara Pazova,0,8,3,"JKP Čistoća, Stara Pazova"
283,Dva stabla tise u Subotici,Natural Monument,Subotica,0,2,40,JKP Čistoća i zelenilo
284,Beli dud u Gardinovcima,Natural Monument,Titel,0,1,13,"Đurđev Vojislav, Gardinovci"
285,Engleski poljski brest u Šajkašu,Natural Monument,Titel,0,4,57,"Dobrić Tima, Šajkaš"
286,Lukića hrast - Ranilović - (zapis),Natural Monument,Aranđelovac,0,6,38,OŠ Ljubomir Nenadović i Mesna zajednica Ranilovići
287,Hrast Koče kapetana (zapis),Natural Monument,Jagodina,0,12,56,Fond za zaštitu i unapređenje životne sredine opštine Jagodina
288,Platan na Vračaru,Natural Monument,Beograd-Vračar,0,4,85,"JKP Zelenilo Beograd - Sektor održavanja zelenih površina, Beograd"
289,Dva stabla hrasta lužnjaka - Petrovac,Natural Monument,Petrovac,0,11,75,Komunalno javno preduzeće IZVOR
290,Hrast Dići - ( zapis),Natural Monument,Ljig,0,4,2,Miloš Sretenović
291,Stablo breze u Donjoj Kravarici,Natural Monument,Lučani,0,1,70,'Ekološko društvo Dragačevo'' Guča
292,Stablo lipe u Guči,Natural Monument,Lučani,0,47,99,'Ekološko društvo Dragačevo'' Guča
293,Stablo bele vrbe u Guberevcima,Natural Monument,Lučani,0,0,72,'Ekološko društvo Dragačevo'' Guča
294,Stablo drena u Guberevcima,Natural Monument,Lučani,0,0,17,'Ekološko društvo Dragačevo'' Guča
295,Stablo hrasta sladuna u Vlasteljicama,Natural Monument,Lučani,0,5,90,Ekološko društvo Dragačevo'' Guča
296,Stablo lipe u Kaoni,Natural Monument,Lučani,0,0,66,'Ekološko društvo Dragačevo'' Guča
297,Stablo drena u Viči,Natural Monument,Lučani,0,0,30,'Ekološko društvo Dragačevo'' Guča
298,Stablo klena u Viči,Natural Monument,Lučani,0,0,20,'Ekološko društvo Dragačevo'' Guča
299,Stablo lipe u Pšaniku,Natural Monument,Lučani,0,1,18,'Ekološko društvo Dragačevo'' Guča
300,Crni bor Lira,Natural Monument,Nova Varoš,0,0,77,"JP Srbijašume, Novi Beograd"
301,Munika u selu Senište,Natural Monument,Nova Varoš,0,2,16,"JP Srbijašume, Novi Beograd"
302,Dva hrasta Vračević,Natural Monument,Lajkovac,0,34,86,"OŠ Mile Dubljević,Lajkovac"
303,Stablo hrasta lužnjaka Debeli grm-Runjani,Natural Monument,Loznica,0,6,15,"JP za upravljanje građevinskim zemljištem ''Grad'', Loznica"
304,Cerovi kod Đušinog groba,Natural Monument,Blace,0,11,52,"JP Srbijašume, Novi Beograd"
305,Novoselski brest zapis,Natural Monument,Niš,0,6,60,JKP Mediana Niš
306,Dud zapis u Medoševcu,Natural Monument,Niš,0,3,17,JKP Mediana Niš
307,Pavlovićev hrast u Donjoj Trnavi,Natural Monument,Niš,0,4,69,JKP Mediana Niš
308,Rajkovićev hrast,Natural Monument,Niš,0,2,30,JKP Mediana Niš
309,Hrast zapis kod Banjičkog jezera - (zapis),Natural Monument,Niš,0,4,71,JKP Mediana Niš
310,Cer zapis u Leskoviku,Natural Monument,Niš,0,4,56,JKP Mediana Niš
311,Beli dud u Niškoj Banji,Natural Monument,Niš,0,1,65,JKP Mediana Niš
312,Hrast lužnjak u Donjoj Trnavi,Natural Monument,Niš,0,6,67,JKP Mediana Niš
313,Stablo hrasta lužnjaka u selu Crna Bara,Natural Monument,Vlasotince,0,5,14,MZ Crna bara
314,Stablo hrasta lužnjaka- Jovanov hrast zapis,Natural Monument,Prokuplje,0,3,36,"Milenković Jugoslav, selo Gornji Statovac, Prokuplje"
315,Stablo cera- Zdravinjski cer zapis,Natural Monument,Prokuplje,0,5,4,"Ilić Stanoje, selo Zdravinje, Prokuplje"
316,Stablo oraha,Natural Monument,Prokuplje,0,6,9,"JP Srbijašume, ŠG Toplica - Kuršumlija, ŠU Prokuplje"
317,Stablo hrasta lužnjaka u selu Kovači,Natural Monument,Kraljevo,0,4,58,Brestovac Miloš
318,Stari hrast u Godačici,Natural Monument,Kraljevo,0,96,77,Miletić Dragiša
319,Brđanka-divlja kruška (zapis),Natural Monument,Kragujevac,0,14,60,Lekić Žarko
320,Fikus - Čačak,Natural Monument,Čačak,0,0,0,Dom kulture Čačak
321,Bogojevački brest - zapis,Natural Monument,Leskovac,0,5,16,Medicinski centar u Leskovcu
322,Stablo topole - zapis u Guberevcu,Natural Monument,Leskovac,0,6,60,MZ Guberevac
323,Kutleški hrast- zapis,Natural Monument,Leskovac,0,4,75,Hranislav (Vladimira) Stefanović
324,Stablo oskoruše,Natural Monument,Leskovac,0,2,28,Vitomir (Vide) Nešić
325,Park dvorca u Konaku,Natural Monument,Sečanj,2,2,75,OŠ Vuk Karadžić
326,Platan u dvorištu OŠ Miloš Crnjanski,Natural Monument,Novi Sad,0,0,23,"JKP Gradsko Zelenilo, Novi Sad"
327,Stari park u Temerinu,Natural Monument,Temerin,3,77,72,JKP Temerin
328,Park dvorca Jagodić,Natural Monument,Plandište,8,64,20,"DP Trudbenik, Jagodić"
329,Park dvorca u Hajdučici,Natural Monument,Plandište,5,72,39,PDP ''Hajdučica''
330,Stari park u Velikom gaju,Natural Monument,Plandište,6,67,16,STUR Ginko
331,Park Učiteljske škole- Jagodina,Natural Monument,Jagodina,1,67,64,Fond za zaštitu i unapređenje životne sredine opštine Jagodina
332,Gradski park Đurđevo brdo,Natural Monument,Jagodina,5,35,22,Fond za zaštitu i unapređenje životne sredine opštine Jagodina
333,Visibaba - stabla lužnjaka,Natural Monument,Požega,0,11,5,JP Direkcija za izgradnju Požega
334,Bukovički hrast zapis,Natural Monument,Kraljevo,0,4,85,"Vukosav Vasilija Jevtović iz Bukovice, Kraljevo"
335,Samailski krajputaški hrastovi,Natural Monument,Kraljevo,0,79,47,Starešina crkve u Samailima
336,Stopića pećina,Natural Monument,Čajetina,65,82,52,Turistička organizacija Zlatibor
337,Stablo hrasta lužnjaka Obrva,Natural Monument,Kraljevo,0,5,94,Nikolić Živko i Zdravko iz sela Obrva
338,Dve tise Saborne crkve,Natural Monument,Beograd-Stari Grad,0,2,41,"JKP Zelenilo Beograd - Sektor održavanja zelenih površina, Beograd"
339,Šuma Junaković,Natural Monument,Apatin,180,4,50,"JP Vojvodinašume, ŠG Sombor"
340,Slapovi Sopotnice,Natural Monument,Prijepolje,209,34,0,Planinarsko društvo Kamena gora
341,Šalinački lug,Natural Monument,Smederevo,19,21,51,Udruženje za negovanje prirodne i kulturne baštine Hrast
342,Park čelarevskog dvorca,Natural Monument,Bačka Palanka,7,33,23,CARLSBERG DOO
343,Stari park u Čoki,Natural Monument,Čoka,5,50,76,Fond za izgradnju i razvoj infrastrukture opštine Čoka
344,Park Blandaš,Natural Monument,Kikinda,2,31,89,"JP Direkcija za izgradnju grada, Kikinda"
345,Arboretum Stari park kod Sonte,Natural Monument,Apatin,1,32,0,PPP AGROSONTA PJ MLADI BORAC
346,Stablo breze na potezu Brankovac,Natural Monument,Beočin,0,3,8,"Udruženje vlasnika i uzgajivača ''Šumska zajednica Beočin sela'', Beočin"
347,Futoški park,Natural Monument,Novi Sad,8,13,6,"JKP Gradsko Zelenilo, Novi Sad"
348,Stari park u Vlajkovcu,Natural Monument,Vršac,4,72,8,"Restoran Jezero, Vlajkovac"
349,Hrast Cara Lazara,Natural Monument,Kuršumlija,0,16,66,"Društvo za negovanje tradicija Oslobodilačkih ratova Srbije do 1918 godine, Kuršumlija"
350,Lipa u Šapcu,Natural Monument,Šabac,0,2,1,Javno komunalno preduzeće
351,Stablo hrasta lužnjaka Platnara,Natural Monument,Smederevo,0,3,50,JKP Komunalac
352,Kesten Ćurčina u Pančevu,Natural Monument,Pančevo,0,2,14,JKP Zelenilo
353,Bukva na Dedinju,Natural Monument,Beograd-Savski Venac,0,2,40,"JKP Zelenilo Beograd - Sektor održavanja zelenih površina, Beograd"
354,Akademski park u Beogradu,Natural Monument,Beograd-Stari Grad,1,45,90,"JKP Zelenilo Beograd - Sektor održavanja zelenih površina, Beograd"
355,Pionirski park,Natural Monument,Beograd-Stari Grad,3,60,13,"JKP Zelenilo Beograd - Sektor održavanja zelenih površina, Beograd"
356,Pećinski sistem Jezava,Natural Monument,Svrljig,4,40,10,"JP Srbijašume, Novi Beograd"
357,Bjeluška potajnica,Natural Monument,Arilje,2,45,17,Opštinska uprava opštine Arilje
358,Tri hrasta lužnjaka Bare,Natural Monument,Beograd-Barajevo,0,50,0,Mesna zajednica Šiljakovac
359,Čempres na Dedinju,Natural Monument,Beograd-Savski Venac,0,0,57,"JKP Zelenilo Beograd - Sektor održavanja zelenih površina, Beograd"
360,Tisa u Požeškoj ulici,Natural Monument,Beograd-Čukarica,0,1,3,"JKP Zelenilo Beograd - Sektor održavanja zelenih površina, Beograd"
361,Ginko na Vračaru,Natural Monument,Beograd-Savski Venac,0,1,2,"JKP Zelenilo Beograd - Sektor održavanja zelenih površina, Beograd"
362,Straža,Natural Monument,Vršac,67,60,65,"Javno preduzeće za izgradnju, razvoj i uređenje grada i područja Opštine Vršac ''Varoš'' iz Vršca"
363,Krečnjački sprud Kamilja,Natural Monument,Leposavić,96,0,0,JP Srbijašume - Šumsko gazdinstvo Ibar
364,Prekonoška pećina,Natural Monument,Svrljig,15,28,25,Opština Svrljig
365,Pećina Popšički pešter,Natural Monument,Svrljig,20,80,8,Mesna zajednica Popšica
366,Pećina Ravna peć,Natural Monument,Svrljig,13,3,89,Mesna zajednica Prekonoge
367,Zapis u Leskoviku,Natural Monument,Niš,0,2,47,Blagojević Nikole Milan
368,Godovska pećina,Natural Monument,Tutin,5,27,27,"Odeljenje za privredne delatnosti opštinske uprave Tutin, službe komunalne i ekološke inspekcije"
369,Bigrena akumulacija Beli izvorac,Natural Monument,Majdanpek,6,2,0,Turistička organizacija opštine Majdanpek
370,Bela topola u Kukujevcima,Natural Monument,Šid,0,5,50,JKP Standard Šid
371,Dva stabla hrasta lužnjaka u Gibarcu,Natural Monument,Šid,0,12,0,JKP Standard Šid
372,Gojkovića lipa,Natural Monument,Čačak,0,1,63,JKP Gradsko zelenilo Čačak
373,Pećina Ceremošnja,Natural Monument,Kučevo,32,90,22,"Turistička organizacija opštine Kučevo, Kučevo"
374,Pećina Ravništarka,Natural Monument,Kučevo,5,95,48,"Turistička organizacija opštine Kučevo, Kučevo"
375,"Hrast cer ""Zagus - zapis""",Natural Monument,Aranđelovac,0,26,0,Mesna zajednica sela Garaši
376,Parkovi Vrnjačke Banje,Natural Monument,Vrnjačka Banja,22,64,41,"Javno preduzeće za gazdovanje zaštitnim šumama ""Borjak"""
377,Bogovinska pećina,Natural Monument,Boljevac,14,49,84,Turistička organizacija opštine Boljevac
378,Klisura Osaničke reke,Natural Monument,Žagubica,30,44,45,"JKP Belosavac, Žagubica"
379,Park Bukovičke Banje,Natural Monument,Aranđelovac,21,67,0,Javno komunalno preduzeće Zelenilo Aranđelovac
380,Arboretum Šumarskog fakulteta,Natural Monument,Beograd-Čukarica,6,69,62,Šumarski fakultet Univerziteta u Beogradu
381,Suteska Sikolske reke sa vodopadom na Mokranjskoj steni,Natural Monument,Negotin,22,34,96,"JP Srbijašume, Novi Beograd"
382,Mečje leske na tru Svetog Save - Užice,Natural Monument,Užice,0,3,65,Javno komunalno preduzeće Bioktoš
383,Hrast Zeke Buljubaše,Natural Monument,Sremska Mitrovica,0,3,14,Goransko - ekološki pokret
384,Stablo oskoruše u Grkinji,Natural Monument,Gadžin Han,0,3,64,JP Direkcija za izgradnju i komunalne delatnosti opštine Gadžin Han
385,Miljakovačka šuma,Natural Monument,Beograd-Rakovica,84,71,92,"JP Srbijašume, Šumsko gazdinstvo Beograd"
386,Bigrena akumulacija kod manastira Tumane,Natural Monument,Golubac,5,85,0,"Javno preduzeće ""Direkcija za izgradnju opštine Golubac"", Golubac"
387,Hrast Rasina,Natural Monument,Kruševac,0,5,31,Javno komunalno preduzeće Kruševac
388,Stablo bukve Prozorac,Natural Monument,Vrnjačka Banja,0,12,56,JP Beli izvor
389,Kamenički park,Natural Monument,Novi Sad,33,65,15,JKP Gradsko Zelenilo Novi Sad
390,Ripaljka,Natural Monument,Sokobanja,6,82,0,Direkcija za urbanizam i izgradnju Sokobanja
391,Prebreza,Natural Monument,Blace,0,86,0,Fond za ekologiju opštine Prokuplje
392,Rogot,Natural Monument,Batočina,290,95,0,"JP Srbijašume, Novi Beograd"
393,Ostrovica,Natural Monument,Gornji Milanovac,13,73,36,"JP Srbijašume, Novi Beograd"
394,Ivanovačka ada,Natural Monument,Pančevo,6,7,0,"JP Vojvodinašume, Petrovaradin"
395,Stablo hrasta lužnjaka u mestu Bela Voda,Natural Monument,Kruševac,0,0,0,Turističko društvo Kiseljak i Mesna zajednica Bele Vode
396,Stablo hrasta u ataru sela Šetka,Natural Monument,Ražanj,0,2,44,"Odsek za inspekcijske poslove, Opštinske uprave Opštine Ražanj"
397,Županijski park u Zrenjaninu,Natural Monument,Zrenjanin,1,13,0,JKP Čistoća i zelenilo
398,Hrast lužnjak u Zrenjaninu,Natural Monument,Zrenjanin,0,2,1,JKP Čistoća i zelenilo
399,Beli dud u Belom Blatu,Natural Monument,Zrenjanin,0,0,78,JKP Čistoća i zelenilo
400,Mečja leska u Majdanskoj ulici,Natural Monument,Užice,0,1,81,Javno komunalno preduzeće Bioktoš
401,Bifurkacija reke Nerodimke,Nature Reserve,Uroševac,12,78,71,
402,Obedska bara,Nature Reserve,"Pećinci, Ruma",9820,0,0,"JP Vojvodinašume, Petrovaradin"
403,Jelašnička klisura,Nature Reserve,Niš,115,72,72,"JP Srbijašume, Novi Beograd"
404,Gornje Podunavlje,Nature Reserve,"Apatin, Sombor, Odžaci",1964 8,0,0,"JP Vojvodinašume, Petrovaradin"
405,Pašnjaci velike droplje,Nature Reserve,"Čoka, Kikinda",979,43,94,"Lovačko društvo Perjanica, Mokrin"
406,Karađorđevo,Nature Reserve,"Bač, Bačka Palanka",2955,32,54,"Vojna ustanova"" Karađorđevo"""
407,Klisura reke Trešnjice,Nature Reserve,Ljubovija,595,38,4,Centar za prirodne resurse NATURA
408,Slano Kopovo,Nature Reserve,Novi Bečej,976,44,89,Lovačko društvo Novi Bečej
409,Deliblatska peščara,Nature Reserve,"Alibunar, Vršac, Bela Crkva, Kovin, Požarevac",3482 9,32,0,"JP Vojvodinašume, Petrovaradin"
410,Venerina padina,Nature Reserve,Babušnica,0,27,24,"Ugostiteljsko turističko preduzeće Hotel Mir, Zvonačka Banja"
411,Uvac,Nature Reserve,"Nova Varoš, Sjenica",7543,0,0,"Društvo s ograničenom odgovornošću ""Rezervat Uvac"""
412,Ludaško jezero,Nature Reserve,Subotica,846,33,0,"JP ""Palić-Ludaš"", Palić"
413,Selevenjske pustare,Nature Reserve,"Kanjiža, Subotica",677,3,53,"JP ""Palić-Ludaš"", Palić"
414,Zasavica,Nature Reserve,"Sremska Mitrovica, Bogatić",670,99,89,Pokret gorana Sremska Mitrovica
415,Titelski breg,Nature Reserve,Titel,496,0,0,JP Titelski breg
416,Kraljevac,Nature Reserve,Kovin,264,30,0,Udruženje sportskih ribolovaca Deliblatsko jezero
417,Bagremara,Nature Reserve,Bačka Palanka,117,58,0,"JP Vojvodinašume, ŠG Novi Sad, ŠU Bagremara"
418,Gutavica,Nature Reserve,Sjenica,11,13,0,"Medžlisa islamske zajednice Sjenice, odn. Rijaset Islamske zajednice Srbije"
419,Paljevine,Nature Reserve,Sjenica,7,77,0,"JP Srbijašume, Novi Beograd"
420,Koviljsko-petrovaradinski rit,Nature Reserve,"Novi Sad, Inđija, Sremski Karlovci, Titel",5895,0,0,"JP Vojvodinašume, Petrovaradin"
421,Carska bara,Nature Reserve,Zrenjanin,4726,0,0,Ribarsko gazdinstvo Ečka a.d.
422,Felješana,Nature Reserve,Majdanpek,45,0,0,
423,Kosovski božur (Paeonia decora)- Gazimestan,Nature Reserve,Obilić,12,0,0,
424,Kaljavica,Nature Reserve,Tutin,15,0,0,
425,Stara Vratična,Nature Reserve,Sremska Mitrovica,10,30,0,
426,Raškovica,Nature Reserve,Šid,34,53,0,
427,Maja Rops,Nature Reserve,Dečani,25,0,0,
428,Kožnjar,Nature Reserve,Dečani,150,0,0,
429,Veliki Šturac,Nature Reserve,Gornji Milanovac,8,0,0,
430,Park šuma,Nature Reserve,Čajetina,12,54,0,
431,Brezna,Nature Reserve,Kraljevo,2,7,0,
432,Rtanj,Nature Reserve,Boljevac,15,0,0,
433,Brezovica- prirodno nalazište biljne vrste forzitije (Forsythia europea Deg. et Bald),Nature Reserve,Peć,38,24,0,
434,Jasenova Glava,Nature Reserve,Boljevac,6,30,0,
435,Ivanovo,Nature Reserve,Pančevo,1,50,0,
436,Jarešnik,Nature Reserve,Bosilegrad,3,0,0,
437,Čalački potok,Nature Reserve,Požega,2,57,0,
438,Crna reka,Nature Reserve,Valjevo,60,16,0,
439,Tesne jaruge,Nature Reserve,Bajina Bašta,2,92,0,
440,Iznad Tatalije,Nature Reserve,Bajina Bašta,2,16,0,
441,Velika pleć - Vražji vir,Nature Reserve,Požega,28,64,0,
442,Zelenika 1,Nature Reserve,Užice,0,12,0,
443,Zabalac,Nature Reserve,Mionica,11,8,0,
444,Mustafa,Nature Reserve,Majdanpek,79,64,0,
445,Zeleničje,Nature Reserve,"Leskovac, Crna Trava",41,70,0,
446,Klisura reke Resave,Nature Reserve,Despotovac,884,65,0,
447,Kalenić,Nature Reserve,Rekovac,2,0,0,
448,Busovata,Nature Reserve,Žagubica,15,86,0,
449,Ravništa - prirodno nalazište biljne vrste Pančićeve omorike,Nature Reserve,Prijepolje,138,45,0,
450,Kukavica,Nature Reserve,Vladičin Han,78,18,0,
451,Pogled,Nature Reserve,Tutin,16,95,0,
452,Beleg,Nature Reserve,Tutin,10,50,0,
453,Deo područja ''Klisura reke Suvaje'',Nature Reserve,Despotovac,258,91,0,
454,Šuma hrasta lužnjaka i graba kod Hajdučke česme,Nature Reserve,Beograd-Čukarica,3,48,0,
455,Varoš,Nature Reserve,Šid,38,83,0,
456,Rađenovci,Nature Reserve,Šid,86,83,0,
457,Majzecova bašta,Nature Reserve,Šid,26,91,0,
458,Vinična,Nature Reserve,Šid,26,60,0,
459,Vrh Željina - Pločka čuka,Nature Reserve,Aleksandrovac,19,68,0,
460,Ritske šume na Mačkovom prudu,Nature Reserve,Beočin,3,78,0,
461,Šuma srebrne lipe,Nature Reserve,Beograd-Čukarica,0,0,0,